编号,诗名称,作者,诗类型,链接
1,行宫,元稹,,https://so.gushiwen.cn/shiwenv_45c396367f59.aspx
2,登鹳雀楼,王之涣,,https://so.gushiwen.cn/shiwenv_c90ff9ea5a71.aspx
3,新嫁娘词,王建,,https://so.gushiwen.cn/shiwenv_5917bc6dca91.aspx
4,相思,王维,,https://so.gushiwen.cn/shiwenv_f324eea45183.aspx
5,杂诗,王维,,https://so.gushiwen.cn/shiwenv_8d889937d1fe.aspx
6,鹿柴,王维,,https://so.gushiwen.cn/shiwenv_e9b1a8b4def0.aspx
7,竹里馆,王维,,https://so.gushiwen.cn/shiwenv_4809b5e7a16a.aspx
8,山中送别,王维,,https://so.gushiwen.cn/shiwenv_6368d3d62fcd.aspx
9,问刘十九,白居易,,https://so.gushiwen.cn/shiwenv_d09fef17613b.aspx
10,哥舒歌,西鄙人,,https://so.gushiwen.cn/shiwenv_94eb5d41fec6.aspx
11,静夜思,李白,,https://so.gushiwen.cn/shiwenv_c35a60c1a8e2.aspx
12,怨情,李白,,https://so.gushiwen.cn/shiwenv_68fe1f940020.aspx
13,登乐游原,李商隐,,https://so.gushiwen.cn/shiwenv_ee9af27de9f2.aspx
14,听筝,李端,,https://so.gushiwen.cn/shiwenv_ed8b644fd298.aspx
15,渡汉江,宋之问,,https://so.gushiwen.cn/shiwenv_4f7e2f94ec4a.aspx
16,八阵图,杜甫,,https://so.gushiwen.cn/shiwenv_9cee4425b019.aspx
17,宿建德江,孟浩然,,https://so.gushiwen.cn/shiwenv_63d3ff8f6b61.aspx
18,春晓,孟浩然,,https://so.gushiwen.cn/shiwenv_ccee5691ba93.aspx
19,春怨,金昌绪,,https://so.gushiwen.cn/shiwenv_11889cf7beab.aspx
20,江雪,柳宗元,,https://so.gushiwen.cn/shiwenv_58313be2d918.aspx
21,秋夜寄邱员外,韦应物,,https://so.gushiwen.cn/shiwenv_0f23fdb7b5f9.aspx
22,终南望余雪,祖咏,,https://so.gushiwen.cn/shiwenv_038457ce8c4e.aspx
23,宫词,张祜,,https://so.gushiwen.cn/shiwenv_054c756406d6.aspx
24,寻隐者不遇,贾岛,,https://so.gushiwen.cn/shiwenv_40954072f541.aspx
25,送崔九,裴迪,,https://so.gushiwen.cn/shiwenv_dbbccf73624e.aspx
26,送灵澈上人,刘长卿,,https://so.gushiwen.cn/shiwenv_214bea9d63ff.aspx
27,听弹琴,刘长卿,,https://so.gushiwen.cn/shiwenv_8430c8ce3d9c.aspx
28,送上人,刘长卿,,https://so.gushiwen.cn/shiwenv_862f59a02a57.aspx
29,玉台体,权德舆,,https://so.gushiwen.cn/shiwenv_26e5d8ef07d7.aspx
30,芙蓉楼送辛渐,王昌龄,七言绝句,https://so.gushiwen.cn/shiwenv_f433a64dd504.aspx
31,闺怨,王昌龄,七言绝句,https://so.gushiwen.cn/shiwenv_bea0a298570b.aspx
32,春宫曲,王昌龄,七言绝句,https://so.gushiwen.cn/shiwenv_ac8928c6f24a.aspx
33,九月九日忆山东兄弟,王维,七言绝句,https://so.gushiwen.cn/shiwenv_d75a706935de.aspx
34,凉州词,王翰,七言绝句,https://so.gushiwen.cn/shiwenv_9312f5349cd7.aspx
35,后宫词,白居易,七言绝句,https://so.gushiwen.cn/shiwenv_72c224467be6.aspx
36,宫中词,朱庆馀,七言绝句,https://so.gushiwen.cn/shiwenv_f076628e7095.aspx
37,近试上张水部,朱庆馀,七言绝句,https://so.gushiwen.cn/shiwenv_b8d00bf5329b.aspx
38,逢入京使,岑参,七言绝句,https://so.gushiwen.cn/shiwenv_10d21c96ba71.aspx
39,黄鹤楼送孟浩然之广陵,李白,七言绝句,https://so.gushiwen.cn/shiwenv_d3f231047aef.aspx
40,早发白帝城,李白,七言绝句,https://so.gushiwen.cn/shiwenv_0f81015a040c.aspx
41,夜上受降城闻笛,李益,七言绝句,https://so.gushiwen.cn/shiwenv_d89eb1125b6d.aspx
42,贾生,李商隐,七言绝句,https://so.gushiwen.cn/shiwenv_cd908d31f388.aspx
43,隋宫,李商隐,七言绝句,https://so.gushiwen.cn/shiwenv_0c472e85a3ad.aspx
44,瑶池,李商隐,七言绝句,https://so.gushiwen.cn/shiwenv_f56b75b0ef74.aspx
45,嫦娥,李商隐,七言绝句,https://so.gushiwen.cn/shiwenv_caef25db347c.aspx
46,夜雨寄北,李商隐,七言绝句,https://so.gushiwen.cn/shiwenv_e46c43d13b97.aspx
47,寄令狐郎中,李商隐,七言绝句,https://so.gushiwen.cn/shiwenv_4107b7fe1053.aspx
48,为有,李商隐,七言绝句,https://so.gushiwen.cn/shiwenv_bcff6a37c9b5.aspx
49,江南逢李龟年,杜甫,七言绝句,https://so.gushiwen.cn/shiwenv_514b8bc0ee4f.aspx
50,赠别·其一,杜牧,七言绝句,https://so.gushiwen.cn/shiwenv_a1cf171da994.aspx
51,赠别·其二,杜牧,七言绝句,https://so.gushiwen.cn/shiwenv_b4fbe7244670.aspx
52,金谷园,杜牧,七言绝句,https://so.gushiwen.cn/shiwenv_462ee35a4d55.aspx
53,寄扬州韩绰判官,杜牧,七言绝句,https://so.gushiwen.cn/shiwenv_24dacc9084c8.aspx
54,遣怀,杜牧,七言绝句,https://so.gushiwen.cn/shiwenv_42e12feb4ebb.aspx
55,秋夕,杜牧,七言绝句,https://so.gushiwen.cn/shiwenv_bbe4155bdc90.aspx
56,将赴吴兴登乐游原一绝,杜牧,七言绝句,https://so.gushiwen.cn/shiwenv_35d8561345a9.aspx
57,赤壁,杜牧,七言绝句,https://so.gushiwen.cn/shiwenv_3fb397218a1e.aspx
58,泊秦淮,杜牧,七言绝句,https://so.gushiwen.cn/shiwenv_8e8011f614fb.aspx
59,征人怨,柳中庸,七言绝句,https://so.gushiwen.cn/shiwenv_934e5850a0f4.aspx
60,金陵图,韦庄,七言绝句,https://so.gushiwen.cn/shiwenv_403a2c45c30b.aspx
61,滁州西涧,韦应物,七言绝句,https://so.gushiwen.cn/shiwenv_f6bd6356c843.aspx
62,桃花溪,张旭,七言绝句,https://so.gushiwen.cn/shiwenv_7415a0681d7c.aspx
63,寄人,张泌,七言绝句,https://so.gushiwen.cn/shiwenv_eb3a53d949c4.aspx
64,题金陵渡,张祜,七言绝句,https://so.gushiwen.cn/shiwenv_0bd46ccf1b16.aspx
65,赠内人,张祜,七言绝句,https://so.gushiwen.cn/shiwenv_a6a842d363d7.aspx
66,集灵台·其一,张祜,七言绝句,https://so.gushiwen.cn/shiwenv_a951610b16c3.aspx
67,集灵台·其二,张祜,七言绝句,https://so.gushiwen.cn/shiwenv_b7ffdd67f154.aspx
68,枫桥夜泊,张继,七言绝句,https://so.gushiwen.cn/shiwenv_6fb73f607ad3.aspx
69,陇西行,陈陶,七言绝句,https://so.gushiwen.cn/shiwenv_43c5b73dbd73.aspx
70,杂诗,佚名,七言绝句,https://so.gushiwen.cn/shiwenv_4508caf3b53b.aspx
71,回乡偶书·其一,贺知章,七言绝句,https://so.gushiwen.cn/shiwenv_f459f8ed8d23.aspx
72,瑶瑟怨,温庭筠,七言绝句,https://so.gushiwen.cn/shiwenv_27d0e3654646.aspx
73,月夜,刘方平,七言绝句,https://so.gushiwen.cn/shiwenv_cb396f21ec13.aspx
74,春怨,刘方平,七言绝句,https://so.gushiwen.cn/shiwenv_8ab3c688ad04.aspx
75,乌衣巷,刘禹锡,七言绝句,https://so.gushiwen.cn/shiwenv_8b671db8c10d.aspx
76,春词,刘禹锡,七言绝句,https://so.gushiwen.cn/shiwenv_48936601c146.aspx
77,马嵬坡,郑畋,七言绝句,https://so.gushiwen.cn/shiwenv_a37f1f8335f9.aspx
78,寒食,韩翃,七言绝句,https://so.gushiwen.cn/shiwenv_f26e62f4bfc8.aspx
79,已凉,韩偓,七言绝句,https://so.gushiwen.cn/shiwenv_2c55b2038285.aspx
80,宫词,顾况,七言绝句,https://so.gushiwen.cn/shiwenv_026b627c41f6.aspx
81,送杜少府之任蜀州,王勃,五言律诗,https://so.gushiwen.cn/shiwenv_5775c79bcd34.aspx
82,送梓州李使君,王维,五言律诗,https://so.gushiwen.cn/shiwenv_099b402a826b.aspx
83,汉江临眺,王维,五言律诗,https://so.gushiwen.cn/shiwenv_d0c23694485b.aspx
84,终南别业,王维,五言律诗,https://so.gushiwen.cn/shiwenv_cd7027786b98.aspx
85,终南山,王维,五言律诗,https://so.gushiwen.cn/shiwenv_b2c5b8e21855.aspx
86,酬张少府,王维,五言律诗,https://so.gushiwen.cn/shiwenv_aedaa001525c.aspx
87,过香积寺,王维,五言律诗,https://so.gushiwen.cn/shiwenv_406aa95e0b46.aspx
88,辋川闲居赠裴秀才迪,王维,五言律诗,https://so.gushiwen.cn/shiwenv_81ad764f0e24.aspx
89,山居秋暝,王维,五言律诗,https://so.gushiwen.cn/shiwenv_44ba4afb80db.aspx
90,归嵩山作,王维,五言律诗,https://so.gushiwen.cn/shiwenv_a496667a51c2.aspx
91,次北固山下,王湾,五言律诗,https://so.gushiwen.cn/shiwenv_720b46d38537.aspx
92,云阳馆与韩绅宿别,司空曙,五言律诗,https://so.gushiwen.cn/shiwenv_ee15f96f22e5.aspx
93,喜外弟卢纶见宿,司空曙,五言律诗,https://so.gushiwen.cn/shiwenv_7661425bdf0a.aspx
94,贼平后送人北归,司空曙,五言律诗,https://so.gushiwen.cn/shiwenv_558c33fed0df.aspx
95,赋得古原草送别,白居易,五言律诗,https://so.gushiwen.cn/shiwenv_b7820a12ebaa.aspx
96,题大庾岭北驿,宋之问,五言律诗,https://so.gushiwen.cn/shiwenv_f2457a3f0cc0.aspx
97,寄左省杜拾遗,岑参,五言律诗,https://so.gushiwen.cn/shiwenv_85515020d919.aspx
98,听蜀僧濬弹琴,李白,五言律诗,https://so.gushiwen.cn/shiwenv_1c8072393007.aspx
99,夜泊牛渚怀古,李白,五言律诗,https://so.gushiwen.cn/shiwenv_bec0f7d48ce7.aspx
100,赠孟浩然,李白,五言律诗,https://so.gushiwen.cn/shiwenv_709b2d5c7ebf.aspx
101,渡荆门送别,李白,五言律诗,https://so.gushiwen.cn/shiwenv_d50eb19399e6.aspx
102,送友人,李白,五言律诗,https://so.gushiwen.cn/shiwenv_c348339f28fd.aspx
103,喜见外弟又言别,李益,五言律诗,https://so.gushiwen.cn/shiwenv_97ae866bedf5.aspx
104,凉思,李商隐,五言律诗,https://so.gushiwen.cn/shiwenv_d7b38e9592ad.aspx
105,北青萝,李商隐,五言律诗,https://so.gushiwen.cn/shiwenv_9319a4bb3629.aspx
106,蝉,李商隐,五言律诗,https://so.gushiwen.cn/shiwenv_435308d6a3e1.aspx
107,风雨,李商隐,五言律诗,https://so.gushiwen.cn/shiwenv_9fe305a09b2a.aspx
108,落花,李商隐,五言律诗,https://so.gushiwen.cn/shiwenv_100a2931dea0.aspx
109,登岳阳楼,杜甫,五言律诗,https://so.gushiwen.cn/shiwenv_c05fb9a17f71.aspx
110,奉济驿重送严公四韵,杜甫,五言律诗,https://so.gushiwen.cn/shiwenv_1564812c1366.aspx
111,别房太尉墓,杜甫,五言律诗,https://so.gushiwen.cn/shiwenv_f67ed771d1fa.aspx
112,旅夜书怀,杜甫,五言律诗,https://so.gushiwen.cn/shiwenv_30bf1f03b349.aspx
113,至德二载甫自京金光门,杜甫,五言律诗,https://so.gushiwen.cn/shiwenv_c6eb858ffa79.aspx
114,月夜忆舍弟,杜甫,五言律诗,https://so.gushiwen.cn/shiwenv_ad6f7cfa10c2.aspx
115,天末怀李白,杜甫,五言律诗,https://so.gushiwen.cn/shiwenv_38418ed36981.aspx
116,月夜,杜甫,五言律诗,https://so.gushiwen.cn/shiwenv_1e8a3b873f28.aspx
117,春望,杜甫,五言律诗,https://so.gushiwen.cn/shiwenv_89d3a63c6d7f.aspx
118,春宿左省,杜甫,五言律诗,https://so.gushiwen.cn/shiwenv_2d9e4af24a52.aspx
119,旅宿,杜牧,五言律诗,https://so.gushiwen.cn/shiwenv_0cf45663f32a.aspx
120,春宫怨,杜荀鹤,五言律诗,https://so.gushiwen.cn/shiwenv_c68b17ec4941.aspx
121,和晋陵陆丞早春游望,杜审言,五言律诗,https://so.gushiwen.cn/shiwenv_53c580f21ba6.aspx
122,杂诗三首·其三,沈佺期,五言律诗,https://so.gushiwen.cn/shiwenv_06ffa37f5123.aspx
123,宿桐庐江寄广陵旧游,孟浩然,五言律诗,https://so.gushiwen.cn/shiwenv_2c0faba4ce52.aspx
124,留别王维,孟浩然,五言律诗,https://so.gushiwen.cn/shiwenv_5f04d2d118d1.aspx
125,早寒有怀,孟浩然,五言律诗,https://so.gushiwen.cn/shiwenv_219b75964f74.aspx
126,岁暮归南山,孟浩然,五言律诗,https://so.gushiwen.cn/shiwenv_80cde550c438.aspx
127,过故人庄,孟浩然,五言律诗,https://so.gushiwen.cn/shiwenv_4a0d548bebb3.aspx
128,秦中寄远上人,孟浩然,五言律诗,https://so.gushiwen.cn/shiwenv_ab3dd0fbce99.aspx
129,望洞庭湖赠张丞相,孟浩然,五言律诗,https://so.gushiwen.cn/shiwenv_ae20659aff8c.aspx
130,与诸子登岘山,孟浩然,五言律诗,https://so.gushiwen.cn/shiwenv_5ad7bb0feb8b.aspx
131,宴梅道士山房,孟浩然,五言律诗,https://so.gushiwen.cn/shiwenv_4041576ad0f3.aspx
132,章台夜思,韦庄,五言律诗,https://so.gushiwen.cn/shiwenv_885999023597.aspx
133,淮上喜会梁州故人,韦应物,五言律诗,https://so.gushiwen.cn/shiwenv_43e1c0daacca.aspx
134,赋得暮雨送李曹,韦应物,五言律诗,https://so.gushiwen.cn/shiwenv_40920344347d.aspx
135,经邹鲁祭孔子而叹之,唐玄宗,五言律诗,https://so.gushiwen.cn/shiwenv_325d2f85a89e.aspx
136,灞上秋居,马戴,五言律诗,https://so.gushiwen.cn/shiwenv_5d0d8b3c1111.aspx
137,楚江怀古三首·其一,马戴,五言律诗,https://so.gushiwen.cn/shiwenv_2a4d274daaf8.aspx
138,除夜有怀,崔涂,五言律诗,https://so.gushiwen.cn/shiwenv_c34469635b91.aspx
139,孤雁,崔涂,五言律诗,https://so.gushiwen.cn/shiwenv_a6428227e841.aspx
140,题破山寺后禅院,常建,五言律诗,https://so.gushiwen.cn/shiwenv_e2890c61279c.aspx
141,望月怀远,张九龄,五言律诗,https://so.gushiwen.cn/shiwenv_7cc200edc65e.aspx
142,书边事,张乔,五言律诗,https://so.gushiwen.cn/shiwenv_535a33944e8a.aspx
143,没蕃故人,张籍,五言律诗,https://so.gushiwen.cn/shiwenv_67a8c97e4204.aspx
144,秋日赴阙题潼关驿楼,许浑,五言律诗,https://so.gushiwen.cn/shiwenv_b2aea72b82fa.aspx
145,早秋,许浑,五言律诗,https://so.gushiwen.cn/shiwenv_a0d7b609d5a0.aspx
146,送人东游,温庭筠,五言律诗,https://so.gushiwen.cn/shiwenv_57cf93080fe5.aspx
147,寻陆鸿渐不遇,皎然,五言律诗,https://so.gushiwen.cn/shiwenv_83f04219a489.aspx
148,寻南溪常道士,刘长卿,五言律诗,https://so.gushiwen.cn/shiwenv_364955a27a28.aspx
149,新年作,刘长卿,五言律诗,https://so.gushiwen.cn/shiwenv_0938dbd3a92b.aspx
150,秋日登吴公台上寺远眺,刘长卿,五言律诗,https://so.gushiwen.cn/shiwenv_2cc76d63e364.aspx
151,送李中丞归汉阳别业,刘长卿,五言律诗,https://so.gushiwen.cn/shiwenv_b2db4922a8d6.aspx
152,饯别王十一南游,刘长卿,五言律诗,https://so.gushiwen.cn/shiwenv_af61db719e9b.aspx
153,蜀先主庙,刘禹锡,五言律诗,https://so.gushiwen.cn/shiwenv_5cfb7b0f14bd.aspx
154,阙题,刘昚虚,五言律诗,https://so.gushiwen.cn/shiwenv_888beab9cc48.aspx
155,送李端,卢纶,五言律诗,https://so.gushiwen.cn/shiwenv_fdae6ac54db6.aspx
156,送僧归日本,钱起,五言律诗,https://so.gushiwen.cn/shiwenv_dffaca77458e.aspx
157,谷口书斋寄杨补阙,钱起,五言律诗,https://so.gushiwen.cn/shiwenv_b9dba57bdd9b.aspx
158,在狱咏蝉,骆宾王,五言律诗,https://so.gushiwen.cn/shiwenv_cecffc2a400d.aspx
159,江乡故人偶集客舍,戴叔伦,五言律诗,https://so.gushiwen.cn/shiwenv_dad2bb2ce25c.aspx
160,酬程延秋夜即事见赠,韩翃,五言律诗,https://so.gushiwen.cn/shiwenv_baf6517f175b.aspx
161,遣悲怀三首·其一,元稹,七言律诗,https://so.gushiwen.cn/shiwenv_c20e02dc390a.aspx
162,遣悲怀三首·其二,元稹,七言律诗,https://so.gushiwen.cn/shiwenv_8d7eab9265d3.aspx
163,遣悲怀三首·其三,元稹,七言律诗,https://so.gushiwen.cn/shiwenv_fe89b7670e0a.aspx
164,赠郭给事,王维,七言律诗,https://so.gushiwen.cn/shiwenv_47847fb84bee.aspx
165,和贾至舍人早朝大明宫,王维,七言律诗,https://so.gushiwen.cn/shiwenv_f9b928085e77.aspx
166,奉和圣制从蓬莱向兴庆阁道,王维,七言律诗,https://so.gushiwen.cn/shiwenv_96eec499eca2.aspx
167,积雨辋川庄作,王维,七言律诗,https://so.gushiwen.cn/shiwenv_61ac7e419655.aspx
168,望月有感,白居易,七言律诗,https://so.gushiwen.cn/shiwenv_5dfc1bd59fed.aspx
169,奉和中书舍人贾至早朝,岑参,七言律诗,https://so.gushiwen.cn/shiwenv_e434c47819cc.aspx
170,登金陵凤凰台,李白,七言律诗,https://so.gushiwen.cn/shiwenv_8820c89ca4e5.aspx
171,无题·重帏深下莫愁堂,李商隐,七言律诗,https://so.gushiwen.cn/shiwenv_cad3c6bebe91.aspx
172,无题·凤尾香罗薄几重,李商隐,七言律诗,https://so.gushiwen.cn/shiwenv_2d27cb0ecae4.aspx
173,无题·相见时难别亦难,李商隐,七言律诗,https://so.gushiwen.cn/shiwenv_1a4c484f9364.aspx
174,无题·来是空言去绝踪,李商隐,七言律诗,https://so.gushiwen.cn/shiwenv_f3143cabad12.aspx
175,无题·飒飒东风细雨来,李商隐,七言律诗,https://so.gushiwen.cn/shiwenv_ebdbde03b7f9.aspx
176,无题·昨夜星辰昨夜风,李商隐,七言律诗,https://so.gushiwen.cn/shiwenv_05c6c4ccf634.aspx
177,春雨,李商隐,七言律诗,https://so.gushiwen.cn/shiwenv_9ae72ef063c3.aspx
178,筹笔驿,李商隐,七言律诗,https://so.gushiwen.cn/shiwenv_1c83ec8bc760.aspx
179,锦瑟,李商隐,七言律诗,https://so.gushiwen.cn/shiwenv_1921957e6e83.aspx
180,隋宫,李商隐,七言律诗,https://so.gushiwen.cn/shiwenv_09fd71c77ec7.aspx
181,送魏万之京,李颀,七言律诗,https://so.gushiwen.cn/shiwenv_67ca0b01f1c4.aspx
182,咏怀古迹·其一,杜甫,七言律诗,https://so.gushiwen.cn/shiwenv_d87229be0d7a.aspx
183,咏怀古迹·其二,杜甫,七言律诗,https://so.gushiwen.cn/shiwenv_37b5405144f1.aspx
184,咏怀古迹·其三,杜甫,七言律诗,https://so.gushiwen.cn/shiwenv_1cc0aae7f75d.aspx
185,咏怀古迹·其四,杜甫,七言律诗,https://so.gushiwen.cn/shiwenv_66eebf9f4ab8.aspx
186,咏怀古迹·其五,杜甫,七言律诗,https://so.gushiwen.cn/shiwenv_70e98eb5d973.aspx
187,宿府,杜甫,七言律诗,https://so.gushiwen.cn/shiwenv_a4575e93ff63.aspx
188,阁夜,杜甫,七言律诗,https://so.gushiwen.cn/shiwenv_f36d338e1fc5.aspx
189,闻官军收河南河北,杜甫,七言律诗,https://so.gushiwen.cn/shiwenv_519029b7355c.aspx
190,登高,杜甫,七言律诗,https://so.gushiwen.cn/shiwenv_eeb217f8cb2d.aspx
191,登楼,杜甫,七言律诗,https://so.gushiwen.cn/shiwenv_f635f8f8edb7.aspx
192,蜀相,杜甫,七言律诗,https://so.gushiwen.cn/shiwenv_625762a4b089.aspx
193,客至,杜甫,七言律诗,https://so.gushiwen.cn/shiwenv_2dfd92e6cd5b.aspx
194,野望,杜甫,七言律诗,https://so.gushiwen.cn/shiwenv_c14aa77a50e5.aspx
195,登柳州城楼寄漳汀封连四州,皇甫冉,七言律诗,https://so.gushiwen.cn/shiwenv_c07738629b7d.aspx
196,寄李儋元锡,韦应物,七言律诗,https://so.gushiwen.cn/shiwenv_98475ddd5a1a.aspx
197,望蓟门,祖咏,七言律诗,https://so.gushiwen.cn/shiwenv_0e1671eb861a.aspx
198,贫女,秦韬玉,七言律诗,https://so.gushiwen.cn/shiwenv_440bd7ab651d.aspx
199,送李少府贬峡中王少府贬,高适,七言律诗,https://so.gushiwen.cn/shiwenv_e7f783986fc1.aspx
200,九日登望仙台呈刘明府,崔曙,七言律诗,https://so.gushiwen.cn/shiwenv_8da574e2c837.aspx
201,登黄鹤楼,崔颢,七言律诗,https://so.gushiwen.cn/shiwenv_b0d3f72465ef.aspx
202,行经华阴,崔颢,七言律诗,https://so.gushiwen.cn/shiwenv_0c4f19716bfe.aspx
203,利州南渡,温庭筠,七言律诗,https://so.gushiwen.cn/shiwenv_3f759a5f4d7a.aspx
204,苏武庙,温庭筠,七言律诗,https://so.gushiwen.cn/shiwenv_52ca6ca57b11.aspx
205,江州重别薛六柳,刘长卿,七言律诗,https://so.gushiwen.cn/shiwenv_dea6fe3c2c99.aspx
206,长沙过贾谊宅,刘长卿,七言律诗,https://so.gushiwen.cn/shiwenv_a9a0b6b0eede.aspx
207,自夏口至鹦鹉洲夕望岳阳,刘长卿,七言律诗,https://so.gushiwen.cn/shiwenv_e4f3664b14eb.aspx
208,西塞山怀古,刘禹锡,七言律诗,https://so.gushiwen.cn/shiwenv_1abc932ae63c.aspx
209,晚次鄂州,卢纶,七言律诗,https://so.gushiwen.cn/shiwenv_b108020809b7.aspx
210,赠阙下裴舍人,钱起,七言律诗,https://so.gushiwen.cn/shiwenv_f210718ad962.aspx
211,宫词,薛逢,七言律诗,https://so.gushiwen.cn/shiwenv_840afd01d58c.aspx
212,同题仙游观,韩翃,七言律诗,https://so.gushiwen.cn/shiwenv_6022ecefe281.aspx
213,贼退示官吏,元结,五言古诗,https://so.gushiwen.cn/shiwenv_b0dc7d922c3d.aspx
214,同从弟销南斋玩月忆山阴,王维,五言古诗,https://so.gushiwen.cn/shiwenv_c6f492aeb6d7.aspx
215,西施咏,王维,五言古诗,https://so.gushiwen.cn/shiwenv_f73dd1f66af4.aspx
216,送别,王维,五言古诗,https://so.gushiwen.cn/shiwenv_dc090c40cab3.aspx
217,送綦毋潜落第还乡,王维,五言古诗,https://so.gushiwen.cn/shiwenv_dfa0d65184ac.aspx
218,青溪,王维,五言古诗,https://so.gushiwen.cn/shiwenv_3ca53d3dfb52.aspx
219,与高适薛据同登慈恩寺,岑参,五言古诗,https://so.gushiwen.cn/shiwenv_14f186d50948.aspx
220,下终南山过斛斯山人宿置酒,李白,五言古诗,https://so.gushiwen.cn/shiwenv_047024512325.aspx
221,月下独酌四首·其一,李白,五言古诗,https://so.gushiwen.cn/shiwenv_3185407c5519.aspx
222,春思,李白,五言古诗,https://so.gushiwen.cn/shiwenv_727c47ecf120.aspx
223,梦李白·其一,杜甫,五言古诗,https://so.gushiwen.cn/shiwenv_46c874845670.aspx
224,梦李白·其二,杜甫,五言古诗,https://so.gushiwen.cn/shiwenv_12c487f7a589.aspx
225,望岳,杜甫,五言古诗,https://so.gushiwen.cn/shiwenv_efec283b31e0.aspx
226,赠卫八处士,杜甫,五言古诗,https://so.gushiwen.cn/shiwenv_9670cc44eef4.aspx
227,佳人,杜甫,五言古诗,https://so.gushiwen.cn/shiwenv_33daedbc42a1.aspx
228,秋登兰山寄张五,孟浩然,五言古诗,https://so.gushiwen.cn/shiwenv_59375fc2edd7.aspx
229,夏日南亭怀辛大,孟浩然,五言古诗,https://so.gushiwen.cn/shiwenv_9306064f2630.aspx
230,宿业师山房待丁大不至,孟浩然,五言古诗,https://so.gushiwen.cn/shiwenv_2c7594304bb9.aspx
231,寻西山隐者不遇,丘为,五言古诗,https://so.gushiwen.cn/shiwenv_23c91fa1d5eb.aspx
232,晨诣超师院读禅经,柳宗元,五言古诗,https://so.gushiwen.cn/shiwenv_8483f12e6ef6.aspx
233,溪居,柳宗元,五言古诗,https://so.gushiwen.cn/shiwenv_324652b6ac3d.aspx
234,送杨氏女,韦应物,五言古诗,https://so.gushiwen.cn/shiwenv_871dfe3a1377.aspx
235,长安遇冯著,韦应物,五言古诗,https://so.gushiwen.cn/shiwenv_c40eeba65a3e.aspx
236,夕次盱眙县,韦应物,五言古诗,https://so.gushiwen.cn/shiwenv_9a4af1036d85.aspx
237,东郊,韦应物,五言古诗,https://so.gushiwen.cn/shiwenv_48b0176c1010.aspx
238,郡斋雨中与诸文士燕集,韦应物,五言古诗,https://so.gushiwen.cn/shiwenv_4d064982fa0e.aspx
239,初发扬子寄元大校书,韦应物,五言古诗,https://so.gushiwen.cn/shiwenv_9a7569bbab39.aspx
240,寄全椒山中道士,韦应物,五言古诗,https://so.gushiwen.cn/shiwenv_bde0a1fcff27.aspx
241,宿王昌龄隐居,常建,五言古诗,https://so.gushiwen.cn/shiwenv_0b87829569c8.aspx
242,感遇·孤鸿海上来,张九龄,五言古诗,https://so.gushiwen.cn/shiwenv_f4a35c0d146a.aspx
243,感遇·兰叶春葳蕤,张九龄,五言古诗,https://so.gushiwen.cn/shiwenv_d5419292d268.aspx
244,感遇·幽人归独卧,张九龄,五言古诗,https://so.gushiwen.cn/shiwenv_5e265e29083e.aspx
245,感遇·江南有丹橘,张九龄,五言古诗,https://so.gushiwen.cn/shiwenv_02ba8d3eabab.aspx
246,春泛若耶溪,綦毋潜,五言古诗,https://so.gushiwen.cn/shiwenv_99260121fb8c.aspx
247,石鱼湖上醉歌,元结,七言古诗,https://so.gushiwen.cn/shiwenv_77085af4c2c2.aspx
248,长恨歌,白居易,七言古诗,https://so.gushiwen.cn/shiwenv_09d31b73b44d.aspx
249,琵琶行,白居易,七言古诗,https://so.gushiwen.cn/shiwenv_0581b0ba8bb4.aspx
250,走马川行奉送封大夫出师,岑参,七言古诗,https://so.gushiwen.cn/shiwenv_ad4d98d510ea.aspx
251,轮台歌奉送封大夫出师,岑参,七言古诗,https://so.gushiwen.cn/shiwenv_9aed86610172.aspx
252,白雪歌送武判官归京,岑参,七言古诗,https://so.gushiwen.cn/shiwenv_444df93c9bdf.aspx
253,宣州谢脁楼饯别校书叔云,李白,七言古诗,https://so.gushiwen.cn/shiwenv_731e2a19594e.aspx
254,庐山谣寄卢侍御虚舟,李白,七言古诗,https://so.gushiwen.cn/shiwenv_2ce33c84c9cb.aspx
255,梦游天姥吟留别,李白,七言古诗,https://so.gushiwen.cn/shiwenv_05e2f6fc757c.aspx
256,金陵酒肆留别,李白,七言古诗,https://so.gushiwen.cn/shiwenv_15684c1da05b.aspx
257,韩碑,李商隐,七言古诗,https://so.gushiwen.cn/shiwenv_7c8b773e0ca1.aspx
258,听董大弹胡笳声兼寄语,李颀,七言古诗,https://so.gushiwen.cn/shiwenv_8f7866739c12.aspx
259,听安万善吹觱篥歌,李颀,七言古诗,https://so.gushiwen.cn/shiwenv_c91049d5d0e0.aspx
260,古意,李颀,七言古诗,https://so.gushiwen.cn/shiwenv_1a8a902fa95d.aspx
261,送陈章甫,李颀,七言古诗,https://so.gushiwen.cn/shiwenv_8d4ba7e81446.aspx
262,琴歌,李颀,七言古诗,https://so.gushiwen.cn/shiwenv_6bc4a8ba12e4.aspx
263,古柏行,杜甫,七言古诗,https://so.gushiwen.cn/shiwenv_48a71bd6453b.aspx
264,观公孙大娘弟子舞剑器行,杜甫,七言古诗,https://so.gushiwen.cn/shiwenv_ab7f5336bda5.aspx
265,韦讽录事宅观曹将军画马,杜甫,七言古诗,https://so.gushiwen.cn/shiwenv_7c47313a3245.aspx
266,丹青引赠曹霸将军,杜甫,七言古诗,https://so.gushiwen.cn/shiwenv_0b8b1899dd68.aspx
267,寄韩谏议,杜甫,七言古诗,https://so.gushiwen.cn/shiwenv_f136f1f6a500.aspx
268,夜归鹿门山歌,孟浩然,七言古诗,https://so.gushiwen.cn/shiwenv_55c0a0ea874e.aspx
269,渔翁,柳宗元,七言古诗,https://so.gushiwen.cn/shiwenv_3aba195e605d.aspx
270,登幽州台歌,陈子昂,七言古诗,https://so.gushiwen.cn/shiwenv_4083a01ac833.aspx
271,石鼓歌,韩愈,七言古诗,https://so.gushiwen.cn/shiwenv_20bc181ba92d.aspx
272,山石,韩愈,七言古诗,https://so.gushiwen.cn/shiwenv_c63d202ca1e1.aspx
273,八月十五夜赠张功曹,韩愈,七言古诗,https://so.gushiwen.cn/shiwenv_7f2806398cdc.aspx
274,谒衡岳庙遂宿岳寺题门楼,韩愈,七言古诗,https://so.gushiwen.cn/shiwenv_516481aac665.aspx
275,凉州词,王之涣,七言古诗,https://so.gushiwen.cn/shiwenv_3963afd966bc.aspx
276,出塞·秦时明月汉时关,王昌龄,七言古诗,https://so.gushiwen.cn/shiwenv_b9e14c6e09aa.aspx
277,塞上曲·蝉鸣空桑林,王昌龄,七言古诗,https://so.gushiwen.cn/shiwenv_f9e0d2f2e6ca.aspx
278,塞下曲·饮马渡秋水,王昌龄,七言古诗,https://so.gushiwen.cn/shiwenv_a62c96a4c183.aspx
279,长信怨,王昌龄,七言古诗,https://so.gushiwen.cn/shiwenv_a17757fab9fb.aspx
280,渭城曲,王维,七言古诗,https://so.gushiwen.cn/shiwenv_12a2295aa76b.aspx
281,秋夜曲,王维,七言古诗,https://so.gushiwen.cn/shiwenv_46e77c265577.aspx
282,洛阳女儿行,王维,七言古诗,https://so.gushiwen.cn/shiwenv_e3bfcb5ede2b.aspx
283,老将行,王维,七言古诗,https://so.gushiwen.cn/shiwenv_06c78d21bac2.aspx
284,桃源行,王维,七言古诗,https://so.gushiwen.cn/shiwenv_231daf6badef.aspx
285,清平调·云想衣裳花想容,李白,七言古诗,https://so.gushiwen.cn/shiwenv_170df91879a2.aspx
286,清平调·一枝红艳露凝香,李白,七言古诗,https://so.gushiwen.cn/shiwenv_4b5845ac138d.aspx
287,清平调·名花倾国两相欢,李白,七言古诗,https://so.gushiwen.cn/shiwenv_29165f23cefd.aspx
288,行路难·金樽清酒斗十千,李白,七言古诗,https://so.gushiwen.cn/shiwenv_870828ca8aaa.aspx
289,行路难·大道如青天,李白,七言古诗,https://so.gushiwen.cn/shiwenv_95834b2324cc.aspx
290,行路难·有耳莫洗颍川水,李白,七言古诗,https://so.gushiwen.cn/shiwenv_4d3b4d132c82.aspx
291,将进酒,李白,七言古诗,https://so.gushiwen.cn/shiwenv_ee16df5673bc.aspx
292,玉阶怨,李白,七言古诗,https://so.gushiwen.cn/shiwenv_f1ad949fed22.aspx
293,长相思·其一,李白,七言古诗,https://so.gushiwen.cn/shiwenv_8f424591685d.aspx
294,长相思·其二,李白,七言古诗,https://so.gushiwen.cn/shiwenv_edfc02db5bb3.aspx
295,长干行·其一,李白,七言古诗,https://so.gushiwen.cn/shiwenv_2d0368e3fb76.aspx
296,蜀道难,李白,七言古诗,https://so.gushiwen.cn/shiwenv_d59ec5d6c91c.aspx
297,子夜吴歌·春歌,李白,七言古诗,https://so.gushiwen.cn/shiwenv_21a94dcfbfa3.aspx
298,子夜吴歌·夏歌,李白,七言古诗,https://so.gushiwen.cn/shiwenv_b5dde84240ea.aspx
299,子夜吴歌·秋歌,李白,七言古诗,https://so.gushiwen.cn/shiwenv_ed5d95fe49c7.aspx
300,子夜吴歌·冬歌,李白,七言古诗,https://so.gushiwen.cn/shiwenv_fdc3a79d25a8.aspx
301,关山月,李白,七言古诗,https://so.gushiwen.cn/shiwenv_b12f5b4193fd.aspx
302,江南曲,李益,七言古诗,https://so.gushiwen.cn/shiwenv_01536e4b8dfb.aspx
303,古从军行,李颀,七言古诗,https://so.gushiwen.cn/shiwenv_564a9a68c08b.aspx
304,哀王孙,杜甫,七言古诗,https://so.gushiwen.cn/shiwenv_c7b4689c87e3.aspx
305,兵车行,杜甫,七言古诗,https://so.gushiwen.cn/shiwenv_977076fa07f4.aspx
306,丽人行,杜甫,七言古诗,https://so.gushiwen.cn/shiwenv_3d39d2ba54ca.aspx
307,哀江头,杜甫,七言古诗,https://so.gushiwen.cn/shiwenv_5be82977acf5.aspx
308,金缕衣,佚名,七言古诗,https://so.gushiwen.cn/shiwenv_d5cea0c3607d.aspx
309,独不见,沈佺期,七言古诗,https://so.gushiwen.cn/shiwenv_f46d7bbf66b8.aspx
310,烈女操,孟郊,七言古诗,https://so.gushiwen.cn/shiwenv_5a67990459e3.aspx
311,游子吟,孟郊,七言古诗,https://so.gushiwen.cn/shiwenv_161d06b0b556.aspx
312,燕歌行,高适,七言古诗,https://so.gushiwen.cn/shiwenv_4c7868ec4409.aspx
313,长干行·君家何处住,崔颢,七言古诗,https://so.gushiwen.cn/shiwenv_e2464f9806b5.aspx
314,长干行·家临九江水,崔颢,七言古诗,https://so.gushiwen.cn/shiwenv_508647475cf8.aspx
315,塞下曲·鹫翎金仆姑,卢纶,七言古诗,https://so.gushiwen.cn/shiwenv_f68140f3dc1f.aspx
316,塞下曲·林暗草惊风,卢纶,七言古诗,https://so.gushiwen.cn/shiwenv_941746126d83.aspx
317,塞下曲·月黑雁飞高,卢纶,七言古诗,https://so.gushiwen.cn/shiwenv_9a9463173105.aspx
318,塞下曲·野幕敞琼筵,卢纶,七言古诗,https://so.gushiwen.cn/shiwenv_cdc327abcbc1.aspx
